title,authors,year,audience,keywords,subjects
Spaceship Hearts,A. Cole,2018,YoungAdult,"spaceship, planet, romance","Space, Adventure"
Moon Dagger,L. Noor,2012,Adult,"magic, quest, prophecy","Myth, Fantasy"
Detective Nile,M. Azmi,2021,Adult,"detective, murder, clue","Crime, Urban"
Starlight Kids,R. Baker,2019,Children,"spaceship, friendship","Space, Fantasy"
Ancient Empires,S. Rao,2015,Adult,"kingdoms, archival",History
Everyday Physics,T. Ahmed,2020,Adult,"energy, forces","Science, Education"
